Vendor Name,Title,SKU,Vary By,Option 1 Name,Option 1 Value,Option 2 Name,Option 2 Value,Option 3 Name,Option 3 Value,Brand,HTML Description,Description,HTML Feature,Feature,Condition,Condition Grading,Warranty,Packing,What you get,Estimated Shipping Cost,Quantity,Cost,Suggested Sale Price,MSRP,Image_link_1,Image_link_2,Image_link_3,Image_link_4,Image_link_5,Image_link_6,Image_link_7,Image_link_8,Image_link_9,Image_link_10,Image_link_11,Image_link_12
ETC BUYS INC.,"BAGSMART Toiletry Bag Travel Bag with Hanging Hook, Water-resistant Makeup Cosmetic Bag Travel Organizer for Accessories, Shampoo, Full Sized Container, Toiletries",B083X648R2-1,Multivariate,Color,Baby Pink,Size,Large,Weight,1 Pound,Generic,,"Zipper closure
Large Capacity - 12.6 x 9.1 x 4.3 inch (rolled); 12.6 x 33.5 inch(open) 4 separate compartments with zip and back open pocket for great organization. Suitable for your family trip to pack all men, women and kids toiletries.
Special Design - Inner main pockets with elastic straps hold bottles upright; Double zipper compartment for easy access the items even not full-opened the bag; Transparent sides for providing clear overview of contents.
Convenient Design - Stow-away 360 degree swivel non-slip metal hook for versatile hanging options; Two-way zipper closure for quick access; Carry handle doubles as its hanging strap.
Material - Water-resistant Polyester peach skin with supple touch; Well-padded design to keep full bag's shape and provide great protection. Sturdy stitching and heavy duty material and it can stand up many items.
Occassion - Convenient and easy-to-carry, great for overnight staying, a long journey, gym shower and outdoor activities.",,"Zipper closure
Large Capacity - 12.6 x 9.1 x 4.3 inch (rolled); 12.6 x 33.5 inch(open) 4 separate compartments with zip and back open pocket for great organization. Suitable for your family trip to pack all men, women and kids toiletries.
Special Design - Inner main pockets with elastic straps hold bottles upright; Double zipper compartment for easy access the items even not full-opened the bag; Transparent sides for providing clear overview of contents.
Convenient Design - Stow-away 360 degree swivel non-slip metal hook for versatile hanging options; Two-way zipper closure for quick access; Carry handle doubles as its hanging strap.
Material - Water-resistant Polyester peach skin with supple touch; Well-padded design to keep full bag's shape and provide great protection. Sturdy stitching and heavy duty material and it can stand up many items.
Occassion - Convenient and easy-to-carry, great for overnight staying, a long journey, gym shower and outdoor activities.",New,,30 Days,Opp,,,500,,,$22.99,https://m.media-amazon.com/images/I/410uVffdSQL._AC_UL1500_.jpg,https://m.media-amazon.com/images/I/71T+Dhg81-L._AC_UL1500_.jpg,https://m.media-amazon.com/images/I/71NU64q7mgL._AC_UL1500_.jpg,https://m.media-amazon.com/images/I/41WpZi+xscL._AC_UL1500_.jpg,https://m.media-amazon.com/images/I/51Kaz4JaWoL._AC_UL1500_.jpg,https://m.media-amazon.com/images/I/41Qqb-B+EhL._AC_UL1500_.jpg,,,,,,
ETC BUYS INC.,"BAGSMART Toiletry Bag Travel Bag with Hanging Hook, Water-resistant Makeup Cosmetic Bag Travel Organizer for Accessories, Shampoo, Full Sized Container, Toiletries",B083XMC1D1-1,Multivariate,Color,Black,Size,Large,Weight,1 Pound,Generic,,"Zipper closure
Large Capacity - 12.6 x 9.1 x 4.3 inch (rolled); 12.6 x 33.5 inch(open) 4 separate compartments with zip and back open pocket for great organization. Suitable for your family trip to pack all men, women and kids toiletries.
Special Design - Inner main pockets with elastic straps hold bottles upright; Double zipper compartment for easy access the items even not full-opened the bag; Transparent sides for providing clear overview of contents.
Convenient Design - Stow-away 360 degree swivel non-slip metal hook for versatile hanging options; Two-way zipper closure for quick access; Carry handle doubles as its hanging strap.
Material - Water-resistant Polyester peach skin with supple touch; Well-padded design to keep full bag's shape and provide great protection. Sturdy stitching and heavy duty material and it can stand up many items.
Occassion - Convenient and easy-to-carry, great for overnight staying, a long journey, gym shower and outdoor activities.",,"Zipper closure
Large Capacity - 12.6 x 9.1 x 4.3 inch (rolled); 12.6 x 33.5 inch(open) 4 separate compartments with zip and back open pocket for great organization. Suitable for your family trip to pack all men, women and kids toiletries.
Special Design - Inner main pockets with elastic straps hold bottles upright; Double zipper compartment for easy access the items even not full-opened the bag; Transparent sides for providing clear overview of contents.
Convenient Design - Stow-away 360 degree swivel non-slip metal hook for versatile hanging options; Two-way zipper closure for quick access; Carry handle doubles as its hanging strap.
Material - Water-resistant Polyester peach skin with supple touch; Well-padded design to keep full bag's shape and provide great protection. Sturdy stitching and heavy duty material and it can stand up many items.
Occassion - Convenient and easy-to-carry, great for overnight staying, a long journey, gym shower and outdoor activities.",New,,30 Days,Opp,,,500,,,$22.99,https://m.media-amazon.com/images/I/610ukraQ-0L._AC_UL1500_.jpg,https://m.media-amazon.com/images/I/71T+Dhg81-L._AC_UL1500_.jpg,https://m.media-amazon.com/images/I/71AuOr4F2xL._AC_UL1500_.jpg,https://m.media-amazon.com/images/I/51Kaz4JaWoL._AC_UL1500_.jpg,https://m.media-amazon.com/images/I/41mwsYi477L._AC_UL1500_.jpg,https://m.media-amazon.com/images/I/41xjzAAFjmL._AC_UL1500_.jpg,,,,,,
ETC BUYS INC.,"BAGSMART Toiletry Bag Travel Bag with Hanging Hook, Water-resistant Makeup Cosmetic Bag Travel Organizer for Accessories, Shampoo, Full Sized Container, Toiletries",B08KCWFR45-1,Multivariate,Color,Blue,Size,Large,Weight,1 Pound,Generic,,"Zipper closure
Large Capacity - 12.6 x 9.1 x 4.3 inch (rolled); 12.6 x 33.5 inch(open) 4 separate compartments with zip and back open pocket for great organization. Suitable for your family trip to pack all men, women and kids toiletries.
Special Design - Inner main pockets with elastic straps hold bottles upright; Double zipper compartment for easy access the items even not full-opened the bag; Transparent sides for providing clear overview of contents.
Convenient Design - Stow-away 360 degree swivel non-slip metal hook for versatile hanging options; Two-way zipper closure for quick access; Carry handle doubles as its hanging strap.
Material - Water-resistant Polyester peach skin with supple touch; Well-padded design to keep full bag's shape and provide great protection. Sturdy stitching and heavy duty material and it can stand up many items.
Occassion - Convenient and easy-to-carry, great for overnight staying, a long journey, gym shower and outdoor activities.",,"Zipper closure
Large Capacity - 12.6 x 9.1 x 4.3 inch (rolled); 12.6 x 33.5 inch(open) 4 separate compartments with zip and back open pocket for great organization. Suitable for your family trip to pack all men, women and kids toiletries.
Special Design - Inner main pockets with elastic straps hold bottles upright; Double zipper compartment for easy access the items even not full-opened the bag; Transparent sides for providing clear overview of contents.
Convenient Design - Stow-away 360 degree swivel non-slip metal hook for versatile hanging options; Two-way zipper closure for quick access; Carry handle doubles as its hanging strap.
Material - Water-resistant Polyester peach skin with supple touch; Well-padded design to keep full bag's shape and provide great protection. Sturdy stitching and heavy duty material and it can stand up many items.
Occassion - Convenient and easy-to-carry, great for overnight staying, a long journey, gym shower and outdoor activities.",New,,30 Days,Opp,,,500,,,$22.99,https://m.media-amazon.com/images/I/61KLY+d8crL._AC_UL1500_.jpg,https://m.media-amazon.com/images/I/71fq14lx7PL._AC_UL1500_.jpg,https://m.media-amazon.com/images/I/71YOZ6wBtmL._AC_UL1500_.jpg,https://m.media-amazon.com/images/I/51ZJGuM6iaL._AC_UL1500_.jpg,https://m.media-amazon.com/images/I/41lq0qAgeXL._AC_UL1500_.jpg,https://m.media-amazon.com/images/I/41KEnR-GTAL._AC_UL1500_.jpg,https://m.media-amazon.com/images/I/31zl9sDHJUL._AC_UL1500_.jpg,,,,,
ETC BUYS INC.,"BAGSMART Toiletry Bag Travel Bag with Hanging Hook, Water-resistant Makeup Cosmetic Bag Travel Organizer for Accessories, Shampoo, Full Sized Container, Toiletries",B0995NM413-1,Multivariate,Color,Grey,Size,Large,Weight,1 Pound,Generic,,"Zipper closure
Large Capacity - 12.6 x 9.1 x 4.3 inch (rolled); 12.6 x 33.5 inch(open) 4 separate compartments with zip and back open pocket for great organization. Suitable for your family trip to pack all men, women and kids toiletries.
Special Design - Inner main pockets with elastic straps hold bottles upright; Double zipper compartment for easy access the items even not full-opened the bag; Transparent sides for providing clear overview of contents.
Convenient Design - Stow-away 360 degree swivel non-slip metal hook for versatile hanging options; Two-way zipper closure for quick access; Carry handle doubles as its hanging strap.
Material - Water-resistant Polyester peach skin with supple touch; Well-padded design to keep full bag's shape and provide great protection. Sturdy stitching and heavy duty material and it can stand up many items.
Occassion - Convenient and easy-to-carry, great for overnight staying, a long journey, gym shower and outdoor activities.",,"Zipper closure
Large Capacity - 12.6 x 9.1 x 4.3 inch (rolled); 12.6 x 33.5 inch(open) 4 separate compartments with zip and back open pocket for great organization. Suitable for your family trip to pack all men, women and kids toiletries.
Special Design - Inner main pockets with elastic straps hold bottles upright; Double zipper compartment for easy access the items even not full-opened the bag; Transparent sides for providing clear overview of contents.
Convenient Design - Stow-away 360 degree swivel non-slip metal hook for versatile hanging options; Two-way zipper closure for quick access; Carry handle doubles as its hanging strap.
Material - Water-resistant Polyester peach skin with supple touch; Well-padded design to keep full bag's shape and provide great protection. Sturdy stitching and heavy duty material and it can stand up many items.
Occassion - Convenient and easy-to-carry, great for overnight staying, a long journey, gym shower and outdoor activities.",New,,30 Days,Opp,,,500,,,$22.99,https://m.media-amazon.com/images/I/71ULcBNWf1L._AC_UL1500_.jpg,https://m.media-amazon.com/images/I/71StLTMVHQL._AC_UL1500_.jpg,https://m.media-amazon.com/images/I/7171PDvHIiL._AC_UL1500_.jpg,https://m.media-amazon.com/images/I/51QNxARYu1L._AC_UL1500_.jpg,https://m.media-amazon.com/images/I/41x9KvnWVxL._AC_UL1500_.jpg,https://m.media-amazon.com/images/I/41Npkt1yFqL._AC_UL1500_.jpg,https://m.media-amazon.com/images/I/41WlA9G4+aL._AC_UL1500_.jpg,,,,,
ETC BUYS INC.,"BAGSMART Toiletry Bag Travel Bag with Hanging Hook, Water-resistant Makeup Cosmetic Bag Travel Organizer for Accessories, Shampoo, Full Sized Container, Toiletries",B08KCTRL2D-1,Multivariate,Color,Teal,Size,Large,Weight,1 Pound,Generic,,"Zipper closure
Large Capacity - 12.6 x 9.1 x 4.3 inch (rolled); 12.6 x 33.5 inch(open) 4 separate compartments with zip and back open pocket for great organization. Suitable for your family trip to pack all men, women and kids toiletries.
Special Design - Inner main pockets with elastic straps hold bottles upright; Double zipper compartment for easy access the items even not full-opened the bag; Transparent sides for providing clear overview of contents.
Convenient Design - Stow-away 360 degree swivel non-slip metal hook for versatile hanging options; Two-way zipper closure for quick access; Carry handle doubles as its hanging strap.
Material - Water-resistant Polyester peach skin with supple touch; Well-padded design to keep full bag's shape and provide great protection. Sturdy stitching and heavy duty material and it can stand up many items.
Occassion - Convenient and easy-to-carry, great for overnight staying, a long journey, gym shower and outdoor activities.",,"Zipper closure
Large Capacity - 12.6 x 9.1 x 4.3 inch (rolled); 12.6 x 33.5 inch(open) 4 separate compartments with zip and back open pocket for great organization. Suitable for your family trip to pack all men, women and kids toiletries.
Special Design - Inner main pockets with elastic straps hold bottles upright; Double zipper compartment for easy access the items even not full-opened the bag; Transparent sides for providing clear overview of contents.
Convenient Design - Stow-away 360 degree swivel non-slip metal hook for versatile hanging options; Two-way zipper closure for quick access; Carry handle doubles as its hanging strap.
Material - Water-resistant Polyester peach skin with supple touch; Well-padded design to keep full bag's shape and provide great protection. Sturdy stitching and heavy duty material and it can stand up many items.
Occassion - Convenient and easy-to-carry, great for overnight staying, a long journey, gym shower and outdoor activities.",New,,30 Days,Opp,,,500,,,$22.99,https://m.media-amazon.com/images/I/71EqiR4ddBL._AC_UL1500_.jpg,https://m.media-amazon.com/images/I/712sp7OkqtS._AC_UL1500_.jpg,https://m.media-amazon.com/images/I/71AtSHFlXxS._AC_UL1500_.jpg,https://m.media-amazon.com/images/I/51pD-wtT2QS._AC_UL1500_.jpg,https://m.media-amazon.com/images/I/41RkytzGnvS._AC_UL1500_.jpg,https://m.media-amazon.com/images/I/41+0GfoPfVL._AC_UL1500_.jpg,https://m.media-amazon.com/images/I/41T1EL-wGvS._AC_UL1500_.jpg,https://m.media-amazon.com/images/I/31M2RveXYcL._AC_UL1500_.jpg,,,,
ETC BUYS INC.,"BAGSMART Toiletry Bag Travel Bag with Hanging Hook, Water-resistant Makeup Cosmetic Bag Travel Organizer for Accessories, Shampoo, Full Sized Container, Toiletries",B0BLG3J5XF-1,Multivariate,Color,Blue Paisley,Size,Large,Weight,1 Pound,Generic,,"Zipper closure
Large Capacity - 12.6 x 9.1 x 4.3 inch (rolled); 12.6 x 33.5 inch(open) 4 separate compartments with zip and back open pocket for great organization. Suitable for your family trip to pack all men, women and kids toiletries.
Special Design - Inner main pockets with elastic straps hold bottles upright; Double zipper compartment for easy access the items even not full-opened the bag; Transparent sides for providing clear overview of contents.
Convenient Design - Stow-away 360 degree swivel non-slip metal hook for versatile hanging options; Two-way zipper closure for quick access; Carry handle doubles as its hanging strap.
Material - Water-resistant Polyester peach skin with supple touch; Well-padded design to keep full bag's shape and provide great protection. Sturdy stitching and heavy duty material and it can stand up many items.
Occassion - Convenient and easy-to-carry, great for overnight staying, a long journey, gym shower and outdoor activities.",,"Zipper closure
Large Capacity - 12.6 x 9.1 x 4.3 inch (rolled); 12.6 x 33.5 inch(open) 4 separate compartments with zip and back open pocket for great organization. Suitable for your family trip to pack all men, women and kids toiletries.
Special Design - Inner main pockets with elastic straps hold bottles upright; Double zipper compartment for easy access the items even not full-opened the bag; Transparent sides for providing clear overview of contents.
Convenient Design - Stow-away 360 degree swivel non-slip metal hook for versatile hanging options; Two-way zipper closure for quick access; Carry handle doubles as its hanging strap.
Material - Water-resistant Polyester peach skin with supple touch; Well-padded design to keep full bag's shape and provide great protection. Sturdy stitching and heavy duty material and it can stand up many items.
Occassion - Convenient and easy-to-carry, great for overnight staying, a long journey, gym shower and outdoor activities.",New,,30 Days,Opp,,,500,,,$22.99,https://m.media-amazon.com/images/I/819ACvrUpPL._AC_UL1500_.jpg,https://m.media-amazon.com/images/I/71iuRdZ5LPL._AC_UL1500_.jpg,https://m.media-amazon.com/images/I/71CVhEVOMZL._AC_UL1500_.jpg,https://m.media-amazon.com/images/I/51EiQIlQ+WL._AC_UL1500_.jpg,https://m.media-amazon.com/images/I/51ZanZBTveL._AC_UL1500_.jpg,https://m.media-amazon.com/images/I/5157-1aqJSL._AC_UL1500_.jpg,https://m.media-amazon.com/images/I/31fCEn4aShL._AC_UL1500_.jpg,,,,,
ETC BUYS INC.,"BAGSMART Toiletry Bag Travel Bag with Hanging Hook, Water-resistant Makeup Cosmetic Bag Travel Organizer for Accessories, Shampoo, Full Sized Container, Toiletries",B0BLH5QHD5-1,Multivariate,Color,Green Paisley,Size,Large,Weight,1 Pound,Generic,,"Zipper closure
Large Capacity - 12.6 x 9.1 x 4.3 inch (rolled); 12.6 x 33.5 inch(open) 4 separate compartments with zip and back open pocket for great organization. Suitable for your family trip to pack all men, women and kids toiletries.
Special Design - Inner main pockets with elastic straps hold bottles upright; Double zipper compartment for easy access the items even not full-opened the bag; Transparent sides for providing clear overview of contents.
Convenient Design - Stow-away 360 degree swivel non-slip metal hook for versatile hanging options; Two-way zipper closure for quick access; Carry handle doubles as its hanging strap.
Material - Water-resistant Polyester peach skin with supple touch; Well-padded design to keep full bag's shape and provide great protection. Sturdy stitching and heavy duty material and it can stand up many items.
Occassion - Convenient and easy-to-carry, great for overnight staying, a long journey, gym shower and outdoor activities.",,"Zipper closure
Large Capacity - 12.6 x 9.1 x 4.3 inch (rolled); 12.6 x 33.5 inch(open) 4 separate compartments with zip and back open pocket for great organization. Suitable for your family trip to pack all men, women and kids toiletries.
Special Design - Inner main pockets with elastic straps hold bottles upright; Double zipper compartment for easy access the items even not full-opened the bag; Transparent sides for providing clear overview of contents.
Convenient Design - Stow-away 360 degree swivel non-slip metal hook for versatile hanging options; Two-way zipper closure for quick access; Carry handle doubles as its hanging strap.
Material - Water-resistant Polyester peach skin with supple touch; Well-padded design to keep full bag's shape and provide great protection. Sturdy stitching and heavy duty material and it can stand up many items.
Occassion - Convenient and easy-to-carry, great for overnight staying, a long journey, gym shower and outdoor activities.",New,,30 Days,Opp,,,500,,,$22.99,https://m.media-amazon.com/images/I/81zetlCwX8L._AC_UL1500_.jpg,https://m.media-amazon.com/images/I/71Qe2KaSVQL._AC_UL1500_.jpg,https://m.media-amazon.com/images/I/71zlj6F3NeL._AC_UL1500_.jpg,https://m.media-amazon.com/images/I/51VEDszY8nL._AC_UL1500_.jpg,https://m.media-amazon.com/images/I/516kabTexBL._AC_UL1500_.jpg,https://m.media-amazon.com/images/I/51LnVD8w4oL._AC_UL1500_.jpg,https://m.media-amazon.com/images/I/317zkGg8p4L._AC_UL1500_.jpg,,,,,
ETC BUYS INC.,"BAGSMART Toiletry Bag Travel Bag with Hanging Hook, Water-resistant Makeup Cosmetic Bag Travel Organizer for Accessories, Shampoo, Full Sized Container, Toiletries",B0BLGP33M9-1,Multivariate,Color,Red Floral,Size,Large,Weight,1 Pound,Generic,,"Zipper closure
Large Capacity - 12.6 x 9.1 x 4.3 inch (rolled); 12.6 x 33.5 inch(open) 4 separate compartments with zip and back open pocket for great organization. Suitable for your family trip to pack all men, women and kids toiletries.
Special Design - Inner main pockets with elastic straps hold bottles upright; Double zipper compartment for easy access the items even not full-opened the bag; Transparent sides for providing clear overview of contents.
Convenient Design - Stow-away 360 degree swivel non-slip metal hook for versatile hanging options; Two-way zipper closure for quick access; Carry handle doubles as its hanging strap.
Material - Water-resistant Polyester peach skin with supple touch; Well-padded design to keep full bag's shape and provide great protection. Sturdy stitching and heavy duty material and it can stand up many items.
Occassion - Convenient and easy-to-carry, great for overnight staying, a long journey, gym shower and outdoor activities.",,"Zipper closure
Large Capacity - 12.6 x 9.1 x 4.3 inch (rolled); 12.6 x 33.5 inch(open) 4 separate compartments with zip and back open pocket for great organization. Suitable for your family trip to pack all men, women and kids toiletries.
Special Design - Inner main pockets with elastic straps hold bottles upright; Double zipper compartment for easy access the items even not full-opened the bag; Transparent sides for providing clear overview of contents.
Convenient Design - Stow-away 360 degree swivel non-slip metal hook for versatile hanging options; Two-way zipper closure for quick access; Carry handle doubles as its hanging strap.
Material - Water-resistant Polyester peach skin with supple touch; Well-padded design to keep full bag's shape and provide great protection. Sturdy stitching and heavy duty material and it can stand up many items.
Occassion - Convenient and easy-to-carry, great for overnight staying, a long journey, gym shower and outdoor activities.",New,,30 Days,Opp,,,500,,,$22.99,https://m.media-amazon.com/images/I/818e9ktXLbL._AC_UL1500_.jpg,https://m.media-amazon.com/images/I/71HlwnqOqpL._AC_UL1500_.jpg,https://m.media-amazon.com/images/I/718m9scrBZL._AC_UL1500_.jpg,https://m.media-amazon.com/images/I/51AcguUqwuL._AC_UL1500_.jpg,https://m.media-amazon.com/images/I/516s1N22-1L._AC_UL1500_.jpg,https://m.media-amazon.com/images/I/51UrA2HSaNL._AC_UL1500_.jpg,https://m.media-amazon.com/images/I/31Wt5zEhQeL._AC_UL1500_.jpg,,,,,
ETC BUYS INC.,"BAGSMART Toiletry Bag Travel Bag with Hanging Hook, Water-resistant Makeup Cosmetic Bag Travel Organizer for Accessories, Shampoo, Full Sized Container, Toiletries",B0BLGRG5GS-1,Multivariate,Color,Red Paisley,Size,Large,Weight,1 Pound,Generic,,"Zipper closure
Large Capacity - 12.6 x 9.1 x 4.3 inch (rolled); 12.6 x 33.5 inch(open) 4 separate compartments with zip and back open pocket for great organization. Suitable for your family trip to pack all men, women and kids toiletries.
Special Design - Inner main pockets with elastic straps hold bottles upright; Double zipper compartment for easy access the items even not full-opened the bag; Transparent sides for providing clear overview of contents.
Convenient Design - Stow-away 360 degree swivel non-slip metal hook for versatile hanging options; Two-way zipper closure for quick access; Carry handle doubles as its hanging strap.
Material - Water-resistant Polyester peach skin with supple touch; Well-padded design to keep full bag's shape and provide great protection. Sturdy stitching and heavy duty material and it can stand up many items.
Occassion - Convenient and easy-to-carry, great for overnight staying, a long journey, gym shower and outdoor activities.",,"Zipper closure
Large Capacity - 12.6 x 9.1 x 4.3 inch (rolled); 12.6 x 33.5 inch(open) 4 separate compartments with zip and back open pocket for great organization. Suitable for your family trip to pack all men, women and kids toiletries.
Special Design - Inner main pockets with elastic straps hold bottles upright; Double zipper compartment for easy access the items even not full-opened the bag; Transparent sides for providing clear overview of contents.
Convenient Design - Stow-away 360 degree swivel non-slip metal hook for versatile hanging options; Two-way zipper closure for quick access; Carry handle doubles as its hanging strap.
Material - Water-resistant Polyester peach skin with supple touch; Well-padded design to keep full bag's shape and provide great protection. Sturdy stitching and heavy duty material and it can stand up many items.
Occassion - Convenient and easy-to-carry, great for overnight staying, a long journey, gym shower and outdoor activities.",New,,30 Days,Opp,,,500,,,$22.99,https://m.media-amazon.com/images/I/81mwXedGpnL._AC_UL1500_.jpg,https://m.media-amazon.com/images/I/713E8+iu+8L._AC_UL1500_.jpg,https://m.media-amazon.com/images/I/71vPTiUagaL._AC_UL1500_.jpg,https://m.media-amazon.com/images/I/510SgfhWKAL._AC_UL1500_.jpg,https://m.media-amazon.com/images/I/51eHQzeHlML._AC_UL1500_.jpg,https://m.media-amazon.com/images/I/51Wli8ra64L._AC_UL1500_.jpg,https://m.media-amazon.com/images/I/314jqnf-L7L._AC_UL1500_.jpg,,,,,
ETC BUYS INC.,"BAGSMART Toiletry Bag Travel Bag with Hanging Hook, Water-resistant Makeup Cosmetic Bag Travel Organizer for Accessories, Shampoo, Full Sized Container, Toiletries",B097XR5MW9-1,Multivariate,Color,Yellow,Size,Large,Weight,1 Pound,Generic,,"Zipper closure
Large Capacity - 12.6 x 9.1 x 4.3 inch (rolled); 12.6 x 33.5 inch(open) 4 separate compartments with zip and back open pocket for great organization. Suitable for your family trip to pack all men, women and kids toiletries.
Special Design - Inner main pockets with elastic straps hold bottles upright; Double zipper compartment for easy access the items even not full-opened the bag; Transparent sides for providing clear overview of contents.
Convenient Design - Stow-away 360 degree swivel non-slip metal hook for versatile hanging options; Two-way zipper closure for quick access; Carry handle doubles as its hanging strap.
Material - Water-resistant Polyester peach skin with supple touch; Well-padded design to keep full bag's shape and provide great protection. Sturdy stitching and heavy duty material and it can stand up many items.
Occassion - Convenient and easy-to-carry, great for overnight staying, a long journey, gym shower and outdoor activities.",,"Zipper closure
Large Capacity - 12.6 x 9.1 x 4.3 inch (rolled); 12.6 x 33.5 inch(open) 4 separate compartments with zip and back open pocket for great organization. Suitable for your family trip to pack all men, women and kids toiletries.
Special Design - Inner main pockets with elastic straps hold bottles upright; Double zipper compartment for easy access the items even not full-opened the bag; Transparent sides for providing clear overview of contents.
Convenient Design - Stow-away 360 degree swivel non-slip metal hook for versatile hanging options; Two-way zipper closure for quick access; Carry handle doubles as its hanging strap.
Material - Water-resistant Polyester peach skin with supple touch; Well-padded design to keep full bag's shape and provide great protection. Sturdy stitching and heavy duty material and it can stand up many items.
Occassion - Convenient and easy-to-carry, great for overnight staying, a long journey, gym shower and outdoor activities.",New,,30 Days,Opp,,,500,,,$22.99,https://m.media-amazon.com/images/I/71AHUPfOXiL._AC_UL1500_.jpg,https://m.media-amazon.com/images/I/61tmmqRPgmL._AC_UL1500_.jpg,https://m.media-amazon.com/images/I/618bhBglLiL._AC_UL1500_.jpg,https://m.media-amazon.com/images/I/41hIKXS2qlL._AC_UL1500_.jpg,https://m.media-amazon.com/images/I/41VILXserBL._AC_UL1500_.jpg,https://m.media-amazon.com/images/I/41ZLmLzh2WL._AC_UL1500_.jpg,https://m.media-amazon.com/images/I/41Ttdc9c51L._AC_UL1500_.jpg,https://m.media-amazon.com/images/I/31IXi5lND6L._AC_UL1500_.jpg,,,,
ETC BUYS INC.,"BAGSMART Toiletry Bag Travel Bag with Hanging Hook, Water-resistant Makeup Cosmetic Bag Travel Organizer for Accessories, Shampoo, Full Sized Container, Toiletries",B07SL2X217-1,Multivariate,Color,Baby Pink,Size,Medium,Weight,1 Pound,Generic,,"Zipper closure
Large Capacity - 12.6 x 9.1 x 4.3 inch (rolled); 12.6 x 33.5 inch(open) 4 separate compartments with zip and back open pocket for great organization. Suitable for your family trip to pack all men, women and kids toiletries.
Special Design - Inner main pockets with elastic straps hold bottles upright; Double zipper compartment for easy access the items even not full-opened the bag; Transparent sides for providing clear overview of contents.
Convenient Design - Stow-away 360 degree swivel non-slip metal hook for versatile hanging options; Two-way zipper closure for quick access; Carry handle doubles as its hanging strap.
Material - Water-resistant Polyester peach skin with supple touch; Well-padded design to keep full bag's shape and provide great protection. Sturdy stitching and heavy duty material and it can stand up many items.
Occassion - Convenient and easy-to-carry, great for overnight staying, a long journey, gym shower and outdoor activities.",,"Zipper closure
Large Capacity - 12.6 x 9.1 x 4.3 inch (rolled); 12.6 x 33.5 inch(open) 4 separate compartments with zip and back open pocket for great organization. Suitable for your family trip to pack all men, women and kids toiletries.
Special Design - Inner main pockets with elastic straps hold bottles upright; Double zipper compartment for easy access the items even not full-opened the bag; Transparent sides for providing clear overview of contents.
Convenient Design - Stow-away 360 degree swivel non-slip metal hook for versatile hanging options; Two-way zipper closure for quick access; Carry handle doubles as its hanging strap.
Material - Water-resistant Polyester peach skin with supple touch; Well-padded design to keep full bag's shape and provide great protection. Sturdy stitching and heavy duty material and it can stand up many items.
Occassion - Convenient and easy-to-carry, great for overnight staying, a long journey, gym shower and outdoor activities.",New,,30 Days,Opp,,,500,,,$22.99,https://m.media-amazon.com/images/I/410uVffdSQL._AC_UL1500_.jpg,https://m.media-amazon.com/images/I/71T+Dhg81-L._AC_UL1500_.jpg,https://m.media-amazon.com/images/I/71NU64q7mgL._AC_UL1500_.jpg,https://m.media-amazon.com/images/I/41WpZi+xscL._AC_UL1500_.jpg,https://m.media-amazon.com/images/I/51Kaz4JaWoL._AC_UL1500_.jpg,https://m.media-amazon.com/images/I/41Qqb-B+EhL._AC_UL1500_.jpg,,,,,,
ETC BUYS INC.,"BAGSMART Toiletry Bag Travel Bag with Hanging Hook, Water-resistant Makeup Cosmetic Bag Travel Organizer for Accessories, Shampoo, Full Sized Container, Toiletries",B07SL2RKJK-1,Multivariate,Color,Black,Size,Medium,Weight,1 Pound,Generic,,"Zipper closure
Large Capacity - 12.6 x 9.1 x 4.3 inch (rolled); 12.6 x 33.5 inch(open) 4 separate compartments with zip and back open pocket for great organization. Suitable for your family trip to pack all men, women and kids toiletries.
Special Design - Inner main pockets with elastic straps hold bottles upright; Double zipper compartment for easy access the items even not full-opened the bag; Transparent sides for providing clear overview of contents.
Convenient Design - Stow-away 360 degree swivel non-slip metal hook for versatile hanging options; Two-way zipper closure for quick access; Carry handle doubles as its hanging strap.
Material - Water-resistant Polyester peach skin with supple touch; Well-padded design to keep full bag's shape and provide great protection. Sturdy stitching and heavy duty material and it can stand up many items.
Occassion - Convenient and easy-to-carry, great for overnight staying, a long journey, gym shower and outdoor activities.",,"Zipper closure
Large Capacity - 12.6 x 9.1 x 4.3 inch (rolled); 12.6 x 33.5 inch(open) 4 separate compartments with zip and back open pocket for great organization. Suitable for your family trip to pack all men, women and kids toiletries.
Special Design - Inner main pockets with elastic straps hold bottles upright; Double zipper compartment for easy access the items even not full-opened the bag; Transparent sides for providing clear overview of contents.
Convenient Design - Stow-away 360 degree swivel non-slip metal hook for versatile hanging options; Two-way zipper closure for quick access; Carry handle doubles as its hanging strap.
Material - Water-resistant Polyester peach skin with supple touch; Well-padded design to keep full bag's shape and provide great protection. Sturdy stitching and heavy duty material and it can stand up many items.
Occassion - Convenient and easy-to-carry, great for overnight staying, a long journey, gym shower and outdoor activities.",New,,30 Days,Opp,,,500,,,$22.99,https://m.media-amazon.com/images/I/610ukraQ-0L._AC_UL1500_.jpg,https://m.media-amazon.com/images/I/71T+Dhg81-L._AC_UL1500_.jpg,https://m.media-amazon.com/images/I/71AuOr4F2xL._AC_UL1500_.jpg,https://m.media-amazon.com/images/I/51Kaz4JaWoL._AC_UL1500_.jpg,https://m.media-amazon.com/images/I/41mwsYi477L._AC_UL1500_.jpg,https://m.media-amazon.com/images/I/41xjzAAFjmL._AC_UL1500_.jpg,,,,,,
ETC BUYS INC.,"BAGSMART Toiletry Bag Travel Bag with Hanging Hook, Water-resistant Makeup Cosmetic Bag Travel Organizer for Accessories, Shampoo, Full Sized Container, Toiletries",B07SQTWW8S-1,Multivariate,Color,Blue,Size,Medium,Weight,1 Pound,Generic,,"Zipper closure
Large Capacity - 12.6 x 9.1 x 4.3 inch (rolled); 12.6 x 33.5 inch(open) 4 separate compartments with zip and back open pocket for great organization. Suitable for your family trip to pack all men, women and kids toiletries.
Special Design - Inner main pockets with elastic straps hold bottles upright; Double zipper compartment for easy access the items even not full-opened the bag; Transparent sides for providing clear overview of contents.
Convenient Design - Stow-away 360 degree swivel non-slip metal hook for versatile hanging options; Two-way zipper closure for quick access; Carry handle doubles as its hanging strap.
Material - Water-resistant Polyester peach skin with supple touch; Well-padded design to keep full bag's shape and provide great protection. Sturdy stitching and heavy duty material and it can stand up many items.
Occassion - Convenient and easy-to-carry, great for overnight staying, a long journey, gym shower and outdoor activities.",,"Zipper closure
Large Capacity - 12.6 x 9.1 x 4.3 inch (rolled); 12.6 x 33.5 inch(open) 4 separate compartments with zip and back open pocket for great organization. Suitable for your family trip to pack all men, women and kids toiletries.
Special Design - Inner main pockets with elastic straps hold bottles upright; Double zipper compartment for easy access the items even not full-opened the bag; Transparent sides for providing clear overview of contents.
Convenient Design - Stow-away 360 degree swivel non-slip metal hook for versatile hanging options; Two-way zipper closure for quick access; Carry handle doubles as its hanging strap.
Material - Water-resistant Polyester peach skin with supple touch; Well-padded design to keep full bag's shape and provide great protection. Sturdy stitching and heavy duty material and it can stand up many items.
Occassion - Convenient and easy-to-carry, great for overnight staying, a long journey, gym shower and outdoor activities.",New,,30 Days,Opp,,,500,,,$22.99,https://m.media-amazon.com/images/I/61KLY+d8crL._AC_UL1500_.jpg,https://m.media-amazon.com/images/I/71fq14lx7PL._AC_UL1500_.jpg,https://m.media-amazon.com/images/I/71YOZ6wBtmL._AC_UL1500_.jpg,https://m.media-amazon.com/images/I/51ZJGuM6iaL._AC_UL1500_.jpg,https://m.media-amazon.com/images/I/41lq0qAgeXL._AC_UL1500_.jpg,https://m.media-amazon.com/images/I/41KEnR-GTAL._AC_UL1500_.jpg,https://m.media-amazon.com/images/I/31zl9sDHJUL._AC_UL1500_.jpg,,,,,
ETC BUYS INC.,"BAGSMART Toiletry Bag Travel Bag with Hanging Hook, Water-resistant Makeup Cosmetic Bag Travel Organizer for Accessories, Shampoo, Full Sized Container, Toiletries",B08KCQQNN5-1,Multivariate,Color,Grey,Size,Medium,Weight,1 Pound,Generic,,"Zipper closure
Large Capacity - 12.6 x 9.1 x 4.3 inch (rolled); 12.6 x 33.5 inch(open) 4 separate compartments with zip and back open pocket for great organization. Suitable for your family trip to pack all men, women and kids toiletries.
Special Design - Inner main pockets with elastic straps hold bottles upright; Double zipper compartment for easy access the items even not full-opened the bag; Transparent sides for providing clear overview of contents.
Convenient Design - Stow-away 360 degree swivel non-slip metal hook for versatile hanging options; Two-way zipper closure for quick access; Carry handle doubles as its hanging strap.
Material - Water-resistant Polyester peach skin with supple touch; Well-padded design to keep full bag's shape and provide great protection. Sturdy stitching and heavy duty material and it can stand up many items.
Occassion - Convenient and easy-to-carry, great for overnight staying, a long journey, gym shower and outdoor activities.",,"Zipper closure
Large Capacity - 12.6 x 9.1 x 4.3 inch (rolled); 12.6 x 33.5 inch(open) 4 separate compartments with zip and back open pocket for great organization. Suitable for your family trip to pack all men, women and kids toiletries.
Special Design - Inner main pockets with elastic straps hold bottles upright; Double zipper compartment for easy access the items even not full-opened the bag; Transparent sides for providing clear overview of contents.
Convenient Design - Stow-away 360 degree swivel non-slip metal hook for versatile hanging options; Two-way zipper closure for quick access; Carry handle doubles as its hanging strap.
Material - Water-resistant Polyester peach skin with supple touch; Well-padded design to keep full bag's shape and provide great protection. Sturdy stitching and heavy duty material and it can stand up many items.
Occassion - Convenient and easy-to-carry, great for overnight staying, a long journey, gym shower and outdoor activities.",New,,30 Days,Opp,,,500,,,$22.99,https://m.media-amazon.com/images/I/71ULcBNWf1L._AC_UL1500_.jpg,https://m.media-amazon.com/images/I/71StLTMVHQL._AC_UL1500_.jpg,https://m.media-amazon.com/images/I/7171PDvHIiL._AC_UL1500_.jpg,https://m.media-amazon.com/images/I/51QNxARYu1L._AC_UL1500_.jpg,https://m.media-amazon.com/images/I/41x9KvnWVxL._AC_UL1500_.jpg,https://m.media-amazon.com/images/I/41Npkt1yFqL._AC_UL1500_.jpg,https://m.media-amazon.com/images/I/41WlA9G4+aL._AC_UL1500_.jpg,,,,,
ETC BUYS INC.,"BAGSMART Toiletry Bag Travel Bag with Hanging Hook, Water-resistant Makeup Cosmetic Bag Travel Organizer for Accessories, Shampoo, Full Sized Container, Toiletries",B07SM6HJTY-1,Multivariate,Color,Teal,Size,Medium,Weight,1 Pound,Generic,,"Zipper closure
Large Capacity - 12.6 x 9.1 x 4.3 inch (rolled); 12.6 x 33.5 inch(open) 4 separate compartments with zip and back open pocket for great organization. Suitable for your family trip to pack all men, women and kids toiletries.
Special Design - Inner main pockets with elastic straps hold bottles upright; Double zipper compartment for easy access the items even not full-opened the bag; Transparent sides for providing clear overview of contents.
Convenient Design - Stow-away 360 degree swivel non-slip metal hook for versatile hanging options; Two-way zipper closure for quick access; Carry handle doubles as its hanging strap.
Material - Water-resistant Polyester peach skin with supple touch; Well-padded design to keep full bag's shape and provide great protection. Sturdy stitching and heavy duty material and it can stand up many items.
Occassion - Convenient and easy-to-carry, great for overnight staying, a long journey, gym shower and outdoor activities.",,"Zipper closure
Large Capacity - 12.6 x 9.1 x 4.3 inch (rolled); 12.6 x 33.5 inch(open) 4 separate compartments with zip and back open pocket for great organization. Suitable for your family trip to pack all men, women and kids toiletries.
Special Design - Inner main pockets with elastic straps hold bottles upright; Double zipper compartment for easy access the items even not full-opened the bag; Transparent sides for providing clear overview of contents.
Convenient Design - Stow-away 360 degree swivel non-slip metal hook for versatile hanging options; Two-way zipper closure for quick access; Carry handle doubles as its hanging strap.
Material - Water-resistant Polyester peach skin with supple touch; Well-padded design to keep full bag's shape and provide great protection. Sturdy stitching and heavy duty material and it can stand up many items.
Occassion - Convenient and easy-to-carry, great for overnight staying, a long journey, gym shower and outdoor activities.",New,,30 Days,Opp,,,500,,,$22.99,https://m.media-amazon.com/images/I/71EqiR4ddBL._AC_UL1500_.jpg,https://m.media-amazon.com/images/I/712sp7OkqtS._AC_UL1500_.jpg,https://m.media-amazon.com/images/I/71AtSHFlXxS._AC_UL1500_.jpg,https://m.media-amazon.com/images/I/51pD-wtT2QS._AC_UL1500_.jpg,https://m.media-amazon.com/images/I/41RkytzGnvS._AC_UL1500_.jpg,https://m.media-amazon.com/images/I/41+0GfoPfVL._AC_UL1500_.jpg,https://m.media-amazon.com/images/I/41T1EL-wGvS._AC_UL1500_.jpg,https://m.media-amazon.com/images/I/31M2RveXYcL._AC_UL1500_.jpg,,,,
ETC BUYS INC.,"BAGSMART Toiletry Bag Travel Bag with Hanging Hook, Water-resistant Makeup Cosmetic Bag Travel Organizer for Accessories, Shampoo, Full Sized Container, Toiletries",B07SL2X217-1,Multivariate,Color,Blue Paisley,Size,Medium,Weight,1 Pound,Generic,,"Zipper closure
Large Capacity - 12.6 x 9.1 x 4.3 inch (rolled); 12.6 x 33.5 inch(open) 4 separate compartments with zip and back open pocket for great organization. Suitable for your family trip to pack all men, women and kids toiletries.
Special Design - Inner main pockets with elastic straps hold bottles upright; Double zipper compartment for easy access the items even not full-opened the bag; Transparent sides for providing clear overview of contents.
Convenient Design - Stow-away 360 degree swivel non-slip metal hook for versatile hanging options; Two-way zipper closure for quick access; Carry handle doubles as its hanging strap.
Material - Water-resistant Polyester peach skin with supple touch; Well-padded design to keep full bag's shape and provide great protection. Sturdy stitching and heavy duty material and it can stand up many items.
Occassion - Convenient and easy-to-carry, great for overnight staying, a long journey, gym shower and outdoor activities.",,"Zipper closure
Large Capacity - 12.6 x 9.1 x 4.3 inch (rolled); 12.6 x 33.5 inch(open) 4 separate compartments with zip and back open pocket for great organization. Suitable for your family trip to pack all men, women and kids toiletries.
Special Design - Inner main pockets with elastic straps hold bottles upright; Double zipper compartment for easy access the items even not full-opened the bag; Transparent sides for providing clear overview of contents.
Convenient Design - Stow-away 360 degree swivel non-slip metal hook for versatile hanging options; Two-way zipper closure for quick access; Carry handle doubles as its hanging strap.
Material - Water-resistant Polyester peach skin with supple touch; Well-padded design to keep full bag's shape and provide great protection. Sturdy stitching and heavy duty material and it can stand up many items.
Occassion - Convenient and easy-to-carry, great for overnight staying, a long journey, gym shower and outdoor activities.",New,,30 Days,Opp,,,500,,,$22.99,https://m.media-amazon.com/images/I/819ACvrUpPL._AC_UL1500_.jpg,https://m.media-amazon.com/images/I/71iuRdZ5LPL._AC_UL1500_.jpg,https://m.media-amazon.com/images/I/71CVhEVOMZL._AC_UL1500_.jpg,https://m.media-amazon.com/images/I/51EiQIlQ+WL._AC_UL1500_.jpg,https://m.media-amazon.com/images/I/51ZanZBTveL._AC_UL1500_.jpg,https://m.media-amazon.com/images/I/5157-1aqJSL._AC_UL1500_.jpg,https://m.media-amazon.com/images/I/31fCEn4aShL._AC_UL1500_.jpg,,,,,
ETC BUYS INC.,"BAGSMART Toiletry Bag Travel Bag with Hanging Hook, Water-resistant Makeup Cosmetic Bag Travel Organizer for Accessories, Shampoo, Full Sized Container, Toiletries",B07SL2X217-1,Multivariate,Color,Green Paisley,Size,Medium,Weight,1 Pound,Generic,,"Zipper closure
Large Capacity - 12.6 x 9.1 x 4.3 inch (rolled); 12.6 x 33.5 inch(open) 4 separate compartments with zip and back open pocket for great organization. Suitable for your family trip to pack all men, women and kids toiletries.
Special Design - Inner main pockets with elastic straps hold bottles upright; Double zipper compartment for easy access the items even not full-opened the bag; Transparent sides for providing clear overview of contents.
Convenient Design - Stow-away 360 degree swivel non-slip metal hook for versatile hanging options; Two-way zipper closure for quick access; Carry handle doubles as its hanging strap.
Material - Water-resistant Polyester peach skin with supple touch; Well-padded design to keep full bag's shape and provide great protection. Sturdy stitching and heavy duty material and it can stand up many items.
Occassion - Convenient and easy-to-carry, great for overnight staying, a long journey, gym shower and outdoor activities.",,"Zipper closure
Large Capacity - 12.6 x 9.1 x 4.3 inch (rolled); 12.6 x 33.5 inch(open) 4 separate compartments with zip and back open pocket for great organization. Suitable for your family trip to pack all men, women and kids toiletries.
Special Design - Inner main pockets with elastic straps hold bottles upright; Double zipper compartment for easy access the items even not full-opened the bag; Transparent sides for providing clear overview of contents.
Convenient Design - Stow-away 360 degree swivel non-slip metal hook for versatile hanging options; Two-way zipper closure for quick access; Carry handle doubles as its hanging strap.
Material - Water-resistant Polyester peach skin with supple touch; Well-padded design to keep full bag's shape and provide great protection. Sturdy stitching and heavy duty material and it can stand up many items.
Occassion - Convenient and easy-to-carry, great for overnight staying, a long journey, gym shower and outdoor activities.",New,,30 Days,Opp,,,500,,,$22.99,https://m.media-amazon.com/images/I/81zetlCwX8L._AC_UL1500_.jpg,https://m.media-amazon.com/images/I/71Qe2KaSVQL._AC_UL1500_.jpg,https://m.media-amazon.com/images/I/71zlj6F3NeL._AC_UL1500_.jpg,https://m.media-amazon.com/images/I/51VEDszY8nL._AC_UL1500_.jpg,https://m.media-amazon.com/images/I/516kabTexBL._AC_UL1500_.jpg,https://m.media-amazon.com/images/I/51LnVD8w4oL._AC_UL1500_.jpg,https://m.media-amazon.com/images/I/317zkGg8p4L._AC_UL1500_.jpg,,,,,
ETC BUYS INC.,"BAGSMART Toiletry Bag Travel Bag with Hanging Hook, Water-resistant Makeup Cosmetic Bag Travel Organizer for Accessories, Shampoo, Full Sized Container, Toiletries",B07SL2X217-1,Multivariate,Color,Red Floral,Size,Medium,Weight,1 Pound,Generic,,"Zipper closure
Large Capacity - 12.6 x 9.1 x 4.3 inch (rolled); 12.6 x 33.5 inch(open) 4 separate compartments with zip and back open pocket for great organization. Suitable for your family trip to pack all men, women and kids toiletries.
Special Design - Inner main pockets with elastic straps hold bottles upright; Double zipper compartment for easy access the items even not full-opened the bag; Transparent sides for providing clear overview of contents.
Convenient Design - Stow-away 360 degree swivel non-slip metal hook for versatile hanging options; Two-way zipper closure for quick access; Carry handle doubles as its hanging strap.
Material - Water-resistant Polyester peach skin with supple touch; Well-padded design to keep full bag's shape and provide great protection. Sturdy stitching and heavy duty material and it can stand up many items.
Occassion - Convenient and easy-to-carry, great for overnight staying, a long journey, gym shower and outdoor activities.",,"Zipper closure
Large Capacity - 12.6 x 9.1 x 4.3 inch (rolled); 12.6 x 33.5 inch(open) 4 separate compartments with zip and back open pocket for great organization. Suitable for your family trip to pack all men, women and kids toiletries.
Special Design - Inner main pockets with elastic straps hold bottles upright; Double zipper compartment for easy access the items even not full-opened the bag; Transparent sides for providing clear overview of contents.
Convenient Design - Stow-away 360 degree swivel non-slip metal hook for versatile hanging options; Two-way zipper closure for quick access; Carry handle doubles as its hanging strap.
Material - Water-resistant Polyester peach skin with supple touch; Well-padded design to keep full bag's shape and provide great protection. Sturdy stitching and heavy duty material and it can stand up many items.
Occassion - Convenient and easy-to-carry, great for overnight staying, a long journey, gym shower and outdoor activities.",New,,30 Days,Opp,,,500,,,$22.99,https://m.media-amazon.com/images/I/818e9ktXLbL._AC_UL1500_.jpg,https://m.media-amazon.com/images/I/71HlwnqOqpL._AC_UL1500_.jpg,https://m.media-amazon.com/images/I/718m9scrBZL._AC_UL1500_.jpg,https://m.media-amazon.com/images/I/51AcguUqwuL._AC_UL1500_.jpg,https://m.media-amazon.com/images/I/516s1N22-1L._AC_UL1500_.jpg,https://m.media-amazon.com/images/I/51UrA2HSaNL._AC_UL1500_.jpg,https://m.media-amazon.com/images/I/31Wt5zEhQeL._AC_UL1500_.jpg,,,,,
ETC BUYS INC.,"BAGSMART Toiletry Bag Travel Bag with Hanging Hook, Water-resistant Makeup Cosmetic Bag Travel Organizer for Accessories, Shampoo, Full Sized Container, Toiletries",B07SL2X217-1,Multivariate,Color,Red Paisley,Size,Medium,Weight,1 Pound,Generic,,"Zipper closure
Large Capacity - 12.6 x 9.1 x 4.3 inch (rolled); 12.6 x 33.5 inch(open) 4 separate compartments with zip and back open pocket for great organization. Suitable for your family trip to pack all men, women and kids toiletries.
Special Design - Inner main pockets with elastic straps hold bottles upright; Double zipper compartment for easy access the items even not full-opened the bag; Transparent sides for providing clear overview of contents.
Convenient Design - Stow-away 360 degree swivel non-slip metal hook for versatile hanging options; Two-way zipper closure for quick access; Carry handle doubles as its hanging strap.
Material - Water-resistant Polyester peach skin with supple touch; Well-padded design to keep full bag's shape and provide great protection. Sturdy stitching and heavy duty material and it can stand up many items.
Occassion - Convenient and easy-to-carry, great for overnight staying, a long journey, gym shower and outdoor activities.",,"Zipper closure
Large Capacity - 12.6 x 9.1 x 4.3 inch (rolled); 12.6 x 33.5 inch(open) 4 separate compartments with zip and back open pocket for great organization. Suitable for your family trip to pack all men, women and kids toiletries.
Special Design - Inner main pockets with elastic straps hold bottles upright; Double zipper compartment for easy access the items even not full-opened the bag; Transparent sides for providing clear overview of contents.
Convenient Design - Stow-away 360 degree swivel non-slip metal hook for versatile hanging options; Two-way zipper closure for quick access; Carry handle doubles as its hanging strap.
Material - Water-resistant Polyester peach skin with supple touch; Well-padded design to keep full bag's shape and provide great protection. Sturdy stitching and heavy duty material and it can stand up many items.
Occassion - Convenient and easy-to-carry, great for overnight staying, a long journey, gym shower and outdoor activities.",New,,30 Days,Opp,,,500,,,$22.99,https://m.media-amazon.com/images/I/81mwXedGpnL._AC_UL1500_.jpg,https://m.media-amazon.com/images/I/713E8+iu+8L._AC_UL1500_.jpg,https://m.media-amazon.com/images/I/71vPTiUagaL._AC_UL1500_.jpg,https://m.media-amazon.com/images/I/510SgfhWKAL._AC_UL1500_.jpg,https://m.media-amazon.com/images/I/51eHQzeHlML._AC_UL1500_.jpg,https://m.media-amazon.com/images/I/51Wli8ra64L._AC_UL1500_.jpg,https://m.media-amazon.com/images/I/314jqnf-L7L._AC_UL1500_.jpg,,,,,
ETC BUYS INC.,"BAGSMART Toiletry Bag Travel Bag with Hanging Hook, Water-resistant Makeup Cosmetic Bag Travel Organizer for Accessories, Shampoo, Full Sized Container, Toiletries",B07SL2X217-1,Multivariate,Color,Yellow,Size,Medium,Weight,1 Pound,Generic,,"Zipper closure
Large Capacity - 12.6 x 9.1 x 4.3 inch (rolled); 12.6 x 33.5 inch(open) 4 separate compartments with zip and back open pocket for great organization. Suitable for your family trip to pack all men, women and kids toiletries.
Special Design - Inner main pockets with elastic straps hold bottles upright; Double zipper compartment for easy access the items even not full-opened the bag; Transparent sides for providing clear overview of contents.
Convenient Design - Stow-away 360 degree swivel non-slip metal hook for versatile hanging options; Two-way zipper closure for quick access; Carry handle doubles as its hanging strap.
Material - Water-resistant Polyester peach skin with supple touch; Well-padded design to keep full bag's shape and provide great protection. Sturdy stitching and heavy duty material and it can stand up many items.
Occassion - Convenient and easy-to-carry, great for overnight staying, a long journey, gym shower and outdoor activities.",,"Zipper closure
Large Capacity - 12.6 x 9.1 x 4.3 inch (rolled); 12.6 x 33.5 inch(open) 4 separate compartments with zip and back open pocket for great organization. Suitable for your family trip to pack all men, women and kids toiletries.
Special Design - Inner main pockets with elastic straps hold bottles upright; Double zipper compartment for easy access the items even not full-opened the bag; Transparent sides for providing clear overview of contents.
Convenient Design - Stow-away 360 degree swivel non-slip metal hook for versatile hanging options; Two-way zipper closure for quick access; Carry handle doubles as its hanging strap.
Material - Water-resistant Polyester peach skin with supple touch; Well-padded design to keep full bag's shape and provide great protection. Sturdy stitching and heavy duty material and it can stand up many items.
Occassion - Convenient and easy-to-carry, great for overnight staying, a long journey, gym shower and outdoor activities.",New,,30 Days,Opp,,,500,,,$22.99,https://m.media-amazon.com/images/I/71AHUPfOXiL._AC_UL1500_.jpg,https://m.media-amazon.com/images/I/61tmmqRPgmL._AC_UL1500_.jpg,https://m.media-amazon.com/images/I/618bhBglLiL._AC_UL1500_.jpg,https://m.media-amazon.com/images/I/41hIKXS2qlL._AC_UL1500_.jpg,https://m.media-amazon.com/images/I/41VILXserBL._AC_UL1500_.jpg,https://m.media-amazon.com/images/I/41ZLmLzh2WL._AC_UL1500_.jpg,https://m.media-amazon.com/images/I/41Ttdc9c51L._AC_UL1500_.jpg,https://m.media-amazon.com/images/I/31IXi5lND6L._AC_UL1500_.jpg,,,,
